<?xml version="1.0" encoding="UTF-8"?>
<!DOCTYPE suite SYSTEM "https://testng.org/testng-1.0.dtd">
<suite thread-count="0" name="Suite">
<parameter name="browser" value="chrome"/>




<!--  un_comment  to run assignment 1  -->

   <!--  <parameter name="url" value="http://practice.automationtesting.in/"/>     --> 


<!-- un_comment  to run assignment 2&3-->

<!--  <parameter name="url" value="http://automationpractice.com/"/>     --> 


<!-- un_comment  to run assignment 4 -->

 <parameter name="url" value="http://demo.automationtesting.in/Frames.html"/>    


<!-- un_comment  to run assignment 5 -->
 
 <!--  <parameter name="url" value="https://www.anz.com.au/personal/home-loans/calculators-tools/much-borrow/"/>        -->





  <test thread-count="0" name="Test">
<classes>
<class name="VootHome"/> 

</classes>



  </test> <!-- Test -->
</suite> <!-- Suite -->



